Class;gt_Haltelinie;eval_Haltelinie;delta_Haltelinie;sens_Haltelinie;gt_Querschnitt_Straße;eval_Querschnitt_Straße;delta_Querschnitt_Straße;sens_Querschnitt_Straße;gt_FG2;eval_FG2;delta_FG2;sens_FG2;gt_FG1;eval_FG1;delta_FG1;sens_FG1
car;188;190;2;1.0106382978723405;190;184;-6;0.968421052631579;0.0;0.0;0.0;0.0;0.0;0.0;0.0;
person;58;47;-11;0.8103448275862069;105;133;28;1.2666666666666666;105.0;110.0;5.0;1.0476190476190477;214.0;209.0;-5.0;0.9766355140186916
bicycle;9;9;0;1.0;10;4;-6;0.4;2.0;2.0;0.0;1.0;8.0;5.0;-3.0;0.625
bus;9;13;4;1.4444444444444444;9;11;2;1.2222222222222223;0.0;0.0;0.0;0.0;0.0;0.0;0.0;
motorcycle;5;5;0;1.0;4;4;0;1.0;2.0;4.0;2.0;2.0;1.0;0.0;-1.0;0.0
truck;5;13;8;2.6;5;10;5;2.0;0.0;0.0;0.0;0.0;0.0;0.0;0.0;
